,0
2003-08-20,0.030991000000000005
2003-08-21,0.008454900000000003
2003-08-22,0.016392200000000003
2003-08-25,0.003603599999999998
2003-08-26,0.012114100000000003
2003-08-27,0.019983400000000002
2003-08-28,0.02241
2003-08-29,0.0065841
2003-09-02,0.009776100000000001
2003-09-03,0.020802100000000004
2003-09-04,0.008337500000000001
2003-09-05,-0.002530900000000001
2003-09-08,0.024728899999999998
2003-09-09,-0.0005725999999999999
2003-09-10,-0.0021960000000000035
2003-09-11,0.021968100000000004
2003-09-12,0.0119199
2003-09-15,0.0166008
2003-09-16,0.0168905
2003-09-17,-0.0013182000000000003
2003-09-18,0.013658
2003-09-19,0.011134500000000002
2003-09-22,0.036391599999999996
2003-09-23,0.0007755000000000019
2003-09-24,-0.0007202000000000016
2003-09-25,-0.0006329000000000005
2003-09-26,0.001347300000000001
2003-09-29,0.0182075
2003-09-30,0.0284632
2003-10-01,0.014823099999999999
2003-10-02,0.0177501
2003-10-03,0.029404400000000004
2003-10-06,0.0300532
2003-10-07,0.020160400000000002
2003-10-08,0.012110600000000003
2003-10-09,0.008582500000000002
2003-10-10,0.014306800000000001
2003-10-13,0.001804100000000003
2003-10-14,0.010486099999999998
2003-10-15,0.016734200000000005
2003-10-16,-0.019510200000000005
2003-10-17,0.009500800000000004
2003-10-20,0.009691699999999998
2003-10-21,0.006342400000000001
2003-10-22,0.010051599999999997
2003-10-23,0.011577100000000003
2003-10-24,0.017789200000000005
2003-10-27,0.0049736999999999984
2003-10-28,-0.002819100000000003
2003-10-29,0.0089387
2003-10-30,0.012084300000000001
2003-10-31,0.014985900000000003
2003-11-03,0.027664499999999998
2003-11-04,0.0007609999999999996
2003-11-05,0.002663000000000004
2003-11-06,0.0008223999999999983
2003-11-07,0.004700200000000001
2003-11-10,0.0158274
2003-11-11,0.0026694999999999983
2003-11-12,0.0355498
2003-11-13,0.005028000000000001
2003-11-14,-0.000429800000000001
2003-11-17,0.011274600000000001
2003-11-18,0.0078364
2003-11-19,0.0088611
2003-11-20,0.012618899999999999
2003-11-21,-0.0012685
2003-11-24,0.033446500000000004
2003-11-25,0.0084328
2003-11-26,0.0182601
2003-11-28,0.0061984
2003-12-01,0.0290579
2003-12-02,0.027536500000000002
2003-12-03,0.019319699999999995
2003-12-04,0.009901
2003-12-05,0.0009738000000000004
2003-12-08,0.0042292000000000015
2003-12-09,0.0238546
2003-12-10,0.001036
2003-12-11,0.029119199999999998
2003-12-12,0.0125397
2003-12-15,0.038363900000000006
2003-12-16,0.0070227000000000015
2003-12-17,0.0281611
2003-12-18,0.0156297
2003-12-19,-0.004648500000000001
2003-12-22,0.0205609
2003-12-23,0.0044406
2003-12-24,0.0163991
2003-12-26,0.012388099999999999
2003-12-29,0.020275
2003-12-30,0.0134883
2003-12-31,-0.0026683
2004-01-02,0.0210141
2004-01-05,-0.0319111
2004-01-06,0.025901399999999998
2004-01-07,0.0165584
2004-01-08,0.0082576
2004-01-09,0.0170638
2004-01-12,0.0171361
2004-01-13,0.016010000000000003
2004-01-14,0.026337100000000002
2004-01-15,0.0131379
2004-01-16,0.004575000000000001
2004-01-20,0.009341200000000003
2004-01-21,0.015621200000000002
2004-01-22,0.0009658999999999991
2004-01-23,0.0224419
2004-01-26,0.0033746999999999987
2004-01-27,0.0253625
2004-01-28,-0.0083913
2004-01-29,0.0129769
2004-01-30,0.026316
2004-02-02,0.031873
2004-02-03,-0.001100300000000001
2004-02-04,0.005714400000000003
2004-02-05,0.014930099999999998
2004-02-06,0.0172348
2004-02-09,0.0109794
2004-02-10,0.0014485999999999987
2004-02-11,0.0071631
2004-02-12,0.012314
2004-02-13,0.014401599999999999
2004-02-17,0.0182718
2004-02-18,0.0183995
2004-02-19,0.005955200000000002
2004-02-20,0.014049200000000001
2004-02-23,0.0196417
2004-02-24,0.005799000000000001
2004-02-25,0.011475
2004-04-08,0.014544900000000003
2004-04-12,0.014412700000000002
2004-04-13,0.0206471
2004-04-14,-0.003542700000000002
2004-04-15,0.0165199
2004-04-16,0.006250200000000002
2004-04-19,0.008576199999999999
2004-04-20,-0.0012945
2004-04-21,0.004213100000000002
2004-04-22,0.0079953
2004-04-23,-0.001631800000000001
2004-04-26,-0.003955100000000001
2004-04-27,0.0194242
2004-04-28,0.010799
2004-04-29,0.00013859999999999914
2004-04-30,-0.005326200000000001
2004-05-03,0.0012689999999999993
2004-05-04,0.0127087
2004-05-05,0.010870800000000002
2004-05-06,-0.0069096999999999995
2004-05-07,0.003183200000000004
2004-05-10,0.0168099
2004-05-11,0.033611
2004-05-12,0.0029811999999999994
2004-05-13,0.025479900000000003
2004-05-14,0.0244544
2004-05-17,0.005691699999999999
2004-05-18,0.0173964
2004-05-19,0.026820400000000005
2004-05-20,0.0012201000000000009
2004-05-21,0.006603500000000002
2004-05-24,0.008111400000000001
2004-05-25,0.014722299999999995
2004-05-26,0.0192013
2004-05-27,0.005416
2004-05-28,0.0113022
2004-06-01,0.0242017
2004-06-02,0.007547100000000002
2004-06-03,0.015699300000000003
2004-06-04,0.008824400000000003
2004-06-07,-0.0052733
2004-06-08,0.0185214
2004-06-09,0.009233700000000001
2004-06-10,0.027662100000000002
2004-06-14,0.0118241
2004-06-15,0.0114848
2004-06-16,0.0001295999999999988
2004-06-17,0.006801
2004-06-18,-0.0013733999999999994
2004-06-21,0.0013469999999999992
2004-06-22,0.0069502
2004-06-23,0.0188441
2004-06-24,0.032317
2004-06-25,0.025616200000000002
2004-06-28,0.0193995
2004-06-29,0.0163838
2004-06-30,0.012612000000000003
2004-07-01,0.011590899999999998
2004-07-02,0.0354145
2004-07-06,0.026340099999999998
2004-07-07,0.0018066000000000037
2004-07-08,-0.006544200000000001
2004-07-09,0.0094301
2004-07-12,0.0104568
2004-07-13,0.013141499999999999
2004-07-14,0.005470700000000002
2004-07-15,0.0058809
2004-07-16,0.0059286999999999986
2004-07-19,0.017698600000000002
2004-07-20,0.007450100000000002
2004-07-21,0.0250074
2004-07-22,0.014536200000000003
2004-07-23,-0.016334500000000002
2004-07-26,-0.0008292000000000004
2004-07-27,0.0114138
2004-07-28,0.0119462
2004-07-29,0.0143498
2004-07-30,0.0061034
2004-08-02,0.015012500000000002
2004-08-03,0.0024782999999999993
2004-08-04,0.0257986
2004-08-05,-0.0030598000000000014
2004-08-06,0.014683
2004-08-09,0.0062071999999999995
2004-08-10,-0.0208257
2004-08-11,0.0012927999999999993
2004-08-12,0.0089855
2004-08-13,0.019993300000000002
2004-08-16,0.0161963
2004-08-17,0.015560599999999999
2004-08-18,0.0120405
2004-08-19,0.006576
2004-08-20,0.0026667999999999996
2004-08-23,0.0044280000000000005
2004-08-24,0.0195076
2004-08-25,-0.0024504
2004-08-26,0.021689800000000002
2004-08-27,0.0064207
2004-08-30,0.0266408
2004-08-31,0.0106033
2004-09-01,0.016708900000000002
2004-09-02,0.0024846999999999994
2004-09-03,0.015412100000000003
2004-09-07,0.0138156
2004-09-08,0.005724400000000001
2004-09-09,0.0163764
2004-09-10,0.0031320000000000002
2004-09-13,-0.015268999999999998
2004-09-14,0.011455100000000003
2004-09-15,-0.018035699999999998
2004-09-16,0.010804099999999999
2004-09-17,0.028240100000000004
2004-09-20,0.007461800000000001
2004-09-21,0.0176786
2004-09-22,0.024987100000000005
2004-09-23,-0.0155596
2004-09-24,-0.0008397000000000005
2004-09-27,0.002568000000000001
2004-09-28,0.017929800000000003
2004-09-29,0.0163059
2004-09-30,0.013514300000000002
2004-10-01,0.009683500000000001
2004-10-04,0.011186000000000001
2004-10-05,0.0115304
2004-10-06,0.013852800000000002
2004-10-07,0.0108178
2004-10-08,0.0089172
2004-10-11,0.021926700000000004
2004-10-12,0.0171046
2004-10-13,0.010601600000000001
2004-11-26,0.005709099999999999
2004-11-29,0.018122300000000004
2004-11-30,-0.005111399999999997
2004-12-01,0.005262000000000003
2004-12-02,0.0049445999999999995
2004-12-03,-0.014042200000000001
2004-12-06,0.0081385
2004-12-07,0.012530800000000003
2004-12-08,0.0199315
2004-12-09,0.0101618
2004-12-10,0.0049778999999999995
2004-12-13,0.0181041
2004-12-14,0.0138672
2004-12-15,0.0007872999999999999
2004-12-16,0.026590500000000003
2004-12-17,0.014227200000000002
2004-12-20,0.029407500000000003
2004-12-21,0.026964500000000002
2004-12-22,0.007527500000000003
2004-12-23,0.0034734000000000006
2004-12-27,0.007764400000000001
2004-12-28,0.0097549
2004-12-29,0.0065321
2004-12-30,0.0108204
2004-12-31,0.011779900000000003
2005-01-03,-0.0048866
2005-01-04,-0.0102316
2005-01-05,0.0233755
2005-01-06,0.013298600000000004
2005-01-07,0.0166244
2005-01-10,0.0121484
2005-01-11,0.007609400000000001
2005-01-12,0.0004418
2005-01-13,-0.0017649000000000024
2005-01-14,0.0114123
2005-01-18,-0.0064506999999999984
2005-01-19,0.008232100000000001
2005-01-20,0.009119000000000002
2005-01-21,0.010071400000000001
2005-01-24,0.0083755
2005-01-25,0.0036906000000000005
2005-01-26,0.0047490000000000015
2005-01-27,-0.004705800000000001
2005-01-28,0.0126434
2005-01-31,0.0077783
2005-02-01,0.0124166
2005-02-02,0.002815800000000001
2005-02-03,0.0180016
2005-02-04,-0.0007622000000000011
2005-02-07,0.015571800000000002
2005-02-08,0.011538699999999999
2005-02-09,0.0183168
2005-02-10,-0.007522000000000003
2005-02-11,0.008265200000000002
2005-02-14,0.0051471
2005-02-15,0.005345900000000001
2005-02-16,0.0007304999999999994
2005-02-17,0.0129872
2005-02-18,-0.003991700000000001
2005-02-22,0.011146
2005-02-23,-0.00035460000000000136
2005-02-24,0.012355999999999999
2005-02-25,0.00020100000000000066
2005-02-28,0.013386
2005-03-01,0.025708
2005-03-02,0.0256993
2005-03-03,0.004533
2005-03-04,0.010513499999999999
2005-03-07,0.0123981
2005-03-08,0.008778200000000002
2005-03-09,0.0028025999999999997
2005-03-10,0.019999100000000002
2005-03-11,0.007595199999999999
2005-03-14,0.004808300000000001
2005-03-15,0.016759200000000002
2005-03-16,-0.0008709999999999996
2005-03-17,0.0051945
2005-03-18,0.006533200000000002
2005-03-21,-0.004224400000000002
2005-03-22,0.0108504
2005-03-23,0.005529299999999997
2005-03-24,0.0105515
2005-03-28,0.0020454999999999996
2005-03-29,0.010769200000000003
2005-03-30,0.0122684
2005-03-31,0.0177855
2005-04-01,0.009885499999999998
2005-04-04,0.0185793
2005-04-05,0.007247200000000001
2005-04-06,-0.010805899999999998
2005-04-07,0.006012700000000001
2005-04-08,0.005497200000000002
2005-04-11,0.013885600000000001
2005-04-12,0.0017058000000000004
2005-04-13,0.016896
2005-04-14,0.0036913
2005-04-15,-0.0018339999999999988
2005-04-18,0.010361799999999997
2005-04-19,0.008418100000000005
2005-04-20,0.006152800000000001
2005-04-21,0.0178595
2005-04-22,0.007366799999999998
2005-04-25,0.026109399999999998
2005-04-26,0.0026089
2005-04-27,0.0037120000000000005
2005-04-28,0.015150100000000003
2005-04-29,0.003945499999999999
2005-05-02,0.0080654
2005-05-03,0.005973200000000001
2005-05-04,0.0111999
2005-05-05,-0.011412
2005-05-06,-0.0019347999999999995
2005-05-09,0.0164392
2005-05-10,-0.0015467999999999992
2005-05-11,0.0022098000000000005
2005-05-12,0.0006555999999999988
2005-05-13,-0.03463299999999999
2005-05-16,-0.001116800000000002
2005-05-17,0.0083869
2005-05-18,-0.007419199999999997
2005-05-19,-0.013529700000000002
2005-05-20,0.00894
2005-05-23,0.004454500000000001
2005-05-24,-0.0014025
2005-05-25,0.010333700000000001
2005-05-26,0.010076700000000003
2005-05-27,0.00026820000000000045
2005-05-31,0.0027346000000000002
2005-06-01,0.0203768
2005-06-02,-0.021251799999999994
2005-07-18,0.011339499999999999
2005-07-19,0.013883899999999998
2005-07-20,0.0049956
2005-07-21,0.022519499999999998
2005-07-22,0.017365400000000003
2005-07-25,0.0105943
2005-07-26,0.0074897
2005-07-27,0.009948300000000002
2005-07-28,-0.007610999999999996
2005-07-29,0.011647100000000002
2005-08-01,0.007855799999999996
2005-08-02,0.009917900000000002
2005-08-03,-0.0005548999999999977
2005-08-04,-0.002068399999999998
2005-08-05,-0.0248762
2005-08-08,-0.0018695999999999997
2005-08-09,-0.0161432
2005-08-10,0.0169597
2005-08-11,0.0081656
2005-08-12,0.014685400000000003
2005-08-15,0.0325429
2005-08-16,0.018267000000000002
2005-08-17,-0.0015093000000000007
2005-08-18,0.0008175999999999999
2005-08-19,0.009834700000000002
2005-08-22,0.018087100000000002
2005-08-23,0.023948399999999995
2005-08-24,6.540000000000105e-05
2005-08-25,0.0021928
2005-08-26,0.005372699999999999
2005-08-29,0.0075963
2005-08-30,0.020643500000000002
2005-08-31,-0.01055
2005-09-01,0.0035569
2005-09-02,0.0055166
2005-09-06,0.019957
2005-09-07,0.0032016
2005-09-08,0.0088223
2005-09-09,0.006417400000000001
2005-09-12,0.011966500000000001
2005-09-13,0.013714800000000003
2005-09-14,0.0012145999999999997
2005-09-15,-0.0165888
2005-09-16,-0.0070674
2005-09-19,0.004204399999999998
2005-09-20,-0.0114035
2005-09-21,-0.0013390999999999993
2005-09-22,0.013787100000000002
2005-09-23,-0.0054786
2005-09-26,0.007819
2005-09-27,0.006855000000000001
2005-09-28,0.0059074999999999996
2005-09-29,0.013893400000000002
2005-09-30,0.0191492
2005-10-03,0.0200446
2005-10-04,-0.0029189000000000003
2005-10-05,0.005331799999999999
2005-10-06,0.0213544
2005-10-07,0.0075309999999999995
2005-10-10,0.018094000000000002
2005-10-11,0.002704400000000001
2005-10-12,0.021204600000000004
2005-10-13,0.015456800000000001
2005-10-14,0.006429400000000002
2005-10-17,0.005243100000000001
2005-10-18,-0.0092873
2005-10-19,0.013170900000000001
2005-10-20,0.0136486
2005-10-21,0.0152248
2005-10-24,-0.025264500000000002
2005-10-25,0.022920000000000003
2005-10-26,-0.006417499999999999
2005-10-27,0.020677
2005-10-28,0.031055199999999998
2005-10-31,0.005494800000000001
2005-11-01,0.010705600000000001
2005-11-02,0.005082600000000002
2005-11-03,-0.002413799999999997
2005-11-04,0.028333300000000006
2005-11-07,0.011062800000000001
2005-11-08,-0.001952999999999999
2005-11-09,-0.0128605
2005-11-10,0.00018649999999999917
2005-11-11,0.0080082
2005-11-14,-0.0041451000000000005
2005-11-15,0.0006178000000000008
2005-11-16,0.009249
2005-11-17,0.005743300000000003
2005-11-18,0.0027033
2005-11-21,0.013620199999999999
2005-11-22,-0.0023432999999999995
2005-11-23,0.0162862
2005-11-25,-0.0034817000000000008
2005-11-28,0.0100337
2005-11-29,0.006195400000000001
2005-11-30,0.0363743
2005-12-01,0.009248000000000001
2005-12-02,0.002778599999999999
2005-12-05,0.005101100000000001
2005-12-06,0.018245900000000002
2005-12-07,0.012357900000000002
2005-12-08,0.0214142
2005-12-09,0.013079700000000001
2005-12-12,0.008291600000000001
2005-12-13,0.0013332999999999986
2005-12-14,0.0053858000000000005
2005-12-15,0.00021169999999999913
2005-12-16,0.0155507
2005-12-19,0.0033511
2005-12-20,-0.0019456000000000005
2005-12-21,0.009358600000000002
2005-12-22,0.008341900000000001
2005-12-23,0.0091832
2005-12-27,0.005438800000000001
2005-12-28,0.0078318
2005-12-29,0.014002500000000001
2005-12-30,-0.009275700000000001
2006-01-03,0.007062200000000001
2006-01-04,0.0183855
2006-01-05,0.0056343
2006-01-06,-0.008503600000000002
2006-01-09,-0.0100239
2006-01-10,-0.0003726000000000007
2006-01-11,0.018598400000000005
2006-01-12,-0.007220000000000001
2006-01-13,0.0080128
2006-01-17,0.0019481000000000008
2006-01-18,0.0055888
2006-01-19,0.0004142
2006-01-20,-0.000895700000000001
2006-03-07,0.010813800000000002
2006-03-08,0.0006157000000000003
2006-03-09,0.0008664999999999992
2006-03-10,-0.00022750000000000027
2006-03-13,-0.00033009999999999984
2006-03-14,0.0033529000000000015
2006-03-15,0.0070396
2006-03-16,0.010805599999999999
2006-03-17,-0.0073743
2006-03-20,0.0177991
2006-03-21,0.007166400000000001
2006-03-22,0.0104712
2006-03-23,-0.0026104000000000014
2006-03-24,-0.0027579000000000006
2006-03-27,0.0033500999999999995
2006-03-28,0.0006436999999999988
2006-03-29,0.007677999999999999
2006-03-30,0.0092818
2006-03-31,0.0058469
2006-04-03,0.0025969
2006-04-04,0.011722100000000001
2006-04-05,-0.030240600000000006
2006-04-06,-0.00047309999999999995
2006-04-07,0.0006452999999999997
2006-04-10,0.0038220999999999997
2006-04-11,0.009456500000000003
2006-04-12,0.018451000000000002
2006-04-13,-0.019898600000000002
2006-04-17,-0.0023453
2006-04-18,0.010645900000000002
2006-04-19,-0.013688800000000001
2006-04-20,0.017601500000000003
2006-04-21,0.014886400000000003
2006-04-24,-0.003703400000000001
2006-04-25,-0.0014157999999999996
2006-04-26,-0.022691700000000002
2006-04-27,0.0006198000000000006
2006-04-28,0.002970299999999999
2006-05-01,-0.0037705000000000004
2006-05-02,0.0094343
2006-05-03,0.0081366
2006-05-04,-0.0016874999999999995
2006-05-05,-0.0005239000000000008
2006-05-08,0.0164891
2006-05-09,0.0030607000000000013
2006-05-10,-0.0023745
2006-05-11,-0.015442499999999998
2006-05-12,-0.0120187
2006-05-15,-0.012310500000000002
2006-05-16,0.0018677999999999995
2006-05-17,0.0222202
2006-05-18,0.008854899999999999
2006-05-19,-0.0094081
2006-05-22,0.0042504
2006-05-23,0.031180100000000002
2006-05-24,0.005222300000000001
2006-05-25,0.0006675000000000014
2006-05-26,0.0021325000000000003
2006-05-30,0.0013057999999999989
2006-05-31,0.013232800000000001
2006-06-01,-0.00046549999999999977
2006-06-02,-0.003284699999999999
2006-06-05,-0.0038119999999999994
2006-06-06,0.0262368
2006-06-07,0.0010880000000000002
2006-06-08,7.580000000000108e-05
2006-06-09,0.034325600000000005
2006-06-12,0.027967500000000006
2006-06-13,0.0025044
2006-06-14,0.010281000000000002
2006-06-15,-0.0088211
2006-06-16,0.030716800000000002
2006-06-19,0.006846699999999999
2006-06-20,-0.003937399999999999
2006-06-21,0.015688900000000002
2006-06-22,0.0014609999999999992
2006-06-23,-0.000520900000000001
2006-06-26,0.0066092
2006-06-27,0.009944
2006-06-28,0.0169664
2006-06-29,-0.0033420000000000012
2006-06-30,-0.0217131
2006-07-03,0.0058806000000000015
2006-07-05,0.009479000000000001
2006-07-06,0.007380899999999999
2006-07-07,0.0053606
2006-07-10,0.005036600000000002
2006-07-11,0.006520200000000002
2006-07-12,0.019844000000000004
2006-07-13,0.0004597000000000004
2006-07-14,0.0006892000000000014
2006-07-17,0.007984599999999998
2006-07-18,0.006311700000000002
2006-07-19,-0.012754799999999998
2006-07-20,0.0187118
2006-07-21,0.006560000000000001
2006-07-24,0.0328472
2006-07-25,-0.007159899999999999
2006-07-26,0.0140911
2006-07-27,0.006651300000000001
2006-07-28,0.0547835
2006-07-31,-0.0036077999999999995
2006-08-01,0.0092446
2006-08-02,0.016350299999999998
2006-08-03,-0.0022783000000000005
2006-08-04,0.0008220999999999992
2006-08-07,0.0030758
2006-08-08,0.0224507
2006-08-09,-0.007028699999999999
2006-08-10,0.0173223
2006-08-11,0.014848800000000002
2006-08-14,0.008423900000000002
2006-08-15,0.008716000000000002
2006-08-16,0.0102894
2006-08-17,0.0086245
2006-08-18,0.0004569999999999993
2006-08-21,-0.022515300000000002
2006-08-22,-0.0014811000000000008
2006-08-23,0.0159188
2006-08-24,0.011224399999999999
2006-08-25,-0.004522499999999998
2006-08-28,0.014051
2006-08-29,0.0033838
2006-08-30,0.005833800000000002
2006-08-31,0.0068351
2006-09-01,0.002203400000000001
2006-09-05,0.012400499999999998
2006-09-06,0.020547600000000003
2006-09-07,-0.013296099999999998
2006-09-08,-0.006362400000000001
2006-10-23,-0.0007993999999999994
2006-10-24,0.0022032000000000015
2006-10-25,0.0144593
2006-10-26,-0.011729
2006-10-27,0.008202100000000002
2006-10-30,-0.009444199999999998
2006-10-31,0.013014100000000004
2006-11-01,-0.002577700000000002
2006-11-02,0.015746800000000002
2006-11-03,0.005587699999999999
2006-11-06,0.004525600000000001
2006-11-07,-0.0047225999999999995
2006-11-08,0.0099232
2006-11-09,0.0143367
2006-11-10,0.025020900000000002
2006-11-13,-0.015061199999999999
2006-11-14,0.0217519
2006-11-15,-0.0027948999999999995
2006-11-16,0.007738499999999999
2006-11-17,-0.00013689999999999883
2006-11-20,0.0192943
2006-11-21,-0.0017127000000000002
2006-11-22,-0.0019396000000000005
2006-11-24,-0.008778000000000001
2006-11-27,-0.009042
2006-11-28,0.0078913
2006-11-29,-0.0060102
2006-11-30,0.007895100000000002
2006-12-01,0.008951500000000001
2006-12-04,0.001795399999999999
2006-12-05,0.0092106
2006-12-06,0.010473200000000002
2006-12-07,0.007621700000000001
2006-12-08,0.0155835
2006-12-11,-0.0027006
2006-12-12,-0.0071937
2006-12-13,0.017686300000000002
2006-12-14,0.008563800000000002
2006-12-15,0.007686299999999999
2006-12-18,0.0014169999999999999
2006-12-19,0.007006700000000001
2006-12-20,0.00039470000000000087
2006-12-21,0.0061885
2006-12-22,0.018166500000000002
2006-12-26,0.007607900000000002
2006-12-27,-0.003385499999999998
2006-12-28,0.015517300000000003
2006-12-29,0.014841
2007-01-03,0.0221752
2007-01-04,0.0017595999999999983
2007-01-05,0.0033251000000000027
2007-01-08,0.0026838
2007-01-09,0.011600600000000003
2007-01-10,0.0255479
2007-01-11,-0.0017193
2007-01-12,-0.0017018000000000003
2007-01-16,-0.0009159000000000007
2007-01-17,-0.0008052999999999997
2007-01-18,-0.008268400000000002
2007-01-19,0.0173505
2007-01-22,0.0259598
2007-01-23,0.0134729
2007-01-24,-0.0016660000000000025
2007-01-25,0.016889300000000003
2007-01-26,0.008927599999999999
2007-01-29,0.010823500000000002
2007-01-30,0.0046663
2007-01-31,0.0031773999999999995
2007-02-01,0.0184618
2007-02-02,-0.007830900000000002
2007-02-05,0.0081142
2007-02-06,0.0129495
2007-02-07,0.003450400000000001
2007-02-08,0.009651400000000001
2007-02-09,0.008151200000000003
2007-02-12,0.0016025
2007-02-13,0.0022051999999999996
2007-02-14,0.015369500000000001
2007-02-15,0.0089224
2007-02-16,0.0064226
2007-02-20,0.012387799999999997
2007-02-21,-0.0024489000000000004
2007-02-22,0.0030950000000000014
2007-02-23,0.007327
2007-02-26,0.000986400000000001
2007-02-27,0.0055347999999999994
2007-02-28,0.0104889
2007-03-01,0.0175801
2007-03-02,0.0069804
2007-03-05,0.008426900000000001
2007-03-06,0.0029286
2007-03-07,0.0108738
2007-03-08,0.0007388
2007-03-09,0.015287
2007-03-12,-0.0031785
2007-03-13,0.013678500000000001
2007-03-14,0.012216099999999999
2007-03-15,0.008401500000000001
2007-03-16,0.0142988
2007-03-19,0.004253600000000001
2007-03-20,0.020172700000000002
2007-03-21,-0.028608
2007-03-22,0.0138958
2007-03-23,0.005710100000000001
2007-03-26,0.019417100000000003
2007-03-27,0.0039965
2007-03-28,-0.0012898000000000024
2007-03-29,0.016516500000000003
2007-03-30,0.002764100000000001
2007-04-02,-0.0082229
2007-04-03,0.0094436
2007-04-04,0.0157855
2007-04-05,0.0009215000000000004
2007-04-09,0.0082801
2007-04-10,-0.0028694
2007-04-11,0.0125024
2007-04-12,0.015112800000000001
2007-04-13,0.0032520000000000014
2007-04-16,-0.007982800000000002
2007-04-17,0.0188732
2007-04-18,0.0138834
2007-04-19,-3.7899999999999566e-05
2007-04-20,0.0194596
2007-04-23,0.0109679
2007-04-24,-0.0004025999999999995
2007-04-25,0.0010220000000000025
2007-04-26,0.0008687
2007-04-27,-0.0005075000000000001
2007-04-30,-0.011905700000000003
2007-05-01,0.0051159
2007-06-14,0.006424900000000001
2007-06-15,0.003865499999999999
2007-06-18,0.004344500000000001
2007-06-19,0.009197600000000002
2007-06-20,0.0032007999999999967
2007-06-21,-0.0004069999999999998
2007-06-22,0.002664100000000001
2007-06-25,0.006951600000000001
2007-06-26,-0.0030342999999999993
2007-06-27,-0.0011503999999999993
2007-06-28,0.0024283000000000004
2007-06-29,0.0050617999999999965
2007-07-02,0.017228
2007-07-03,0.015902600000000003
2007-07-05,0.019779400000000003
2007-07-06,0.0049843000000000005
2007-07-09,0.0021311
2007-07-10,-0.0051614000000000035
2007-07-11,0.0050888
2007-07-12,0.005985700000000002
2007-07-13,0.011844399999999998
2007-07-16,0.005891799999999999
2007-07-17,-0.0070761
2007-07-18,0.0115045
2007-07-19,0.0013021999999999995
2007-07-20,0.003705500000000004
2007-07-23,0.0033476999999999986
2007-07-24,0.022786100000000004
2007-07-25,0.0007914999999999988
2007-07-26,0.0023344999999999998
2007-07-27,0.004278499999999999
2007-07-30,0.0012801000000000002
2007-07-31,-0.004719299999999999
2007-08-01,0.015607200000000002
2007-08-02,0.010750199999999998
2007-08-03,0.0043733
2007-08-06,0.039143700000000003
2007-08-07,-0.011676100000000003
2007-08-08,-0.016123999999999996
2007-08-09,-0.0186365
2007-08-10,0.027662000000000003
2007-08-13,0.000604600000000002
2007-08-14,0.011975599999999998
2007-08-15,0.0179088
2007-08-16,-0.029478700000000004
2007-08-17,-0.0005165999999999955
2007-08-20,0.009388
2007-08-21,-0.010518899999999998
2007-08-22,-0.0004678999999999994
2007-08-23,-0.004946900000000002
2007-08-24,0.013128800000000001
2007-08-27,0.0140209
2007-08-28,0.005467100000000001
2007-08-29,0.015830200000000003
2007-08-30,0.005166199999999999
2007-08-31,0.0161603
2007-09-04,-0.0014971999999999997
2007-09-05,0.021296000000000002
2007-09-06,0.008590699999999998
2007-09-07,-0.009502300000000002
2007-09-10,0.014515
2007-09-11,0.0098218
2007-09-12,0.0295182
2007-09-13,0.0114299
2007-09-14,0.011708000000000003
2007-09-17,0.015081200000000003
2007-09-18,0.042025900000000005
2007-09-19,-0.0044589
2007-09-20,0.0022766
2007-09-21,0.011968300000000001
2007-09-24,0.0040204
2007-09-25,0.00042859999999999947
2007-09-26,0.002094800000000001
2007-09-27,0.0044789000000000035
2007-09-28,0.0153954
2007-10-01,0.021303100000000005
2007-10-02,-0.0154314
2007-10-03,0.0135528
2007-10-04,0.0005426000000000012
2007-10-05,0.0181827
2007-10-08,0.0026065000000000003
2007-10-09,-0.0103888
2007-10-10,-0.005299899999999997
2007-10-11,0.0103432
2007-10-12,0.0082637
2007-10-15,-0.0131639
2007-10-16,0.0150296
2007-10-17,-0.0004491
2007-10-18,0.010509400000000002
2007-10-19,0.018150299999999998
2007-10-22,0.0093755
2007-10-23,0.014628200000000001
2007-10-24,-0.0062944
2007-10-25,0.0060128000000000004
2007-10-26,0.044723
2007-10-29,0.0164083
2007-10-30,-0.001198399999999997
2007-10-31,0.016728800000000002
2007-11-01,0.017012600000000003
2007-11-02,0.015336800000000001
2007-11-05,0.0043406
2007-11-06,0.009014300000000001
2007-11-07,0.026067000000000003
2007-11-08,0.0373104
2007-11-09,0.016694200000000003
2007-11-12,0.0207038
2007-11-13,-0.0004187000000000011
2007-11-14,0.004755100000000002
2007-11-15,0.0185989
2007-11-16,-0.016113
2007-11-19,0.009062399999999998
2007-11-20,0.0013132999999999895
2007-11-21,-0.0048622000000000005
2007-11-23,0.026734800000000003
2007-11-26,0.026889100000000003
2007-11-27,0.030024300000000004
2007-11-28,0.0112556
2007-11-29,0.0332085
2007-11-30,0.011707700000000001
2007-12-03,0.035414400000000006
2007-12-04,0.0239487
2007-12-05,0.0165761
2007-12-06,0.0077483
2007-12-07,-0.006998100000000001
2007-12-10,0.0008640000000000008
2007-12-11,0.0014989999999999969
2007-12-12,0.0187909
2007-12-13,0.0194702
2007-12-14,-0.010374600000000001
2007-12-17,0.013467300000000001
2008-02-01,-0.0194058
2008-02-04,0.003542000000000001
2008-02-05,0.0008824999999999979
2008-02-06,0.010506600000000001
2008-02-07,0.008138900000000001
2008-02-08,0.013184100000000004
2008-02-11,0.023893500000000005
2008-02-12,0.008503600000000004
2008-02-13,0.0036399999999999974
2008-02-14,0.0426323
2008-02-15,-0.005778500000000001
2008-02-19,-0.009653300000000004
2008-02-20,0.0207289
2008-02-21,0.0256152
2008-02-22,0.0020007999999999988
2008-02-25,0.0403268
2008-02-26,0.00042090000000000053
2008-02-27,0.0036810000000000002
2008-02-28,0.018672899999999996
2008-02-29,0.006674900000000001
2008-03-03,0.028514200000000003
2008-03-04,0.009304699999999999
2008-03-05,0.013586299999999999
2008-03-06,-0.007272600000000001
2008-03-07,0.0422295
2008-03-10,0.0151629
2008-03-11,-0.0020758000000000026
2008-03-12,0.024515500000000003
2008-03-13,0.024766800000000005
2008-03-14,0.0200956
2008-03-17,0.029197999999999998
2008-03-18,0.041295200000000004
2008-03-19,0.0062959999999999995
2008-03-20,0.004461399999999999
2008-03-24,0.0145053
2008-03-25,0.030035900000000004
2008-03-26,0.018168200000000002
2008-03-27,0.0108321
2008-03-28,0.0225706
2008-03-31,0.0277646
2008-04-01,0.027449900000000003
2008-04-02,0.012496
2008-04-03,0.023567
2008-04-04,0.0307263
2008-04-07,0.0030081
2008-04-08,0.0172118
2008-04-09,0.015516000000000002
2008-04-10,0.0181761
2008-04-11,0.017062
2008-04-14,0.012253400000000001
2008-04-15,-0.0005801999999999997
2008-04-16,0.0167242
2008-04-17,0.0295032
2008-04-18,0.018779399999999998
2008-04-21,0.032379000000000005
2008-04-22,0.012210100000000003
2008-04-23,0.011557900000000005
2008-04-24,-0.009897499999999998
2008-04-25,0.0273397
2008-04-28,0.007411900000000001
2008-04-29,-0.0014876999999999998
2008-04-30,0.008703200000000001
2008-05-01,0.0321942
2008-05-02,0.008041799999999998
2008-05-05,0.0175283
2008-05-06,0.0030515000000000004
2008-05-07,0.033996900000000004
2008-05-08,0.0141564
2008-05-09,0.004915799999999998
2008-05-12,0.0275252
2008-05-13,0.0197061
2008-05-14,-0.0009739000000000009
2008-05-15,0.005470900000000001
2008-05-16,0.028075299999999997
2008-05-19,-0.006975200000000001
2008-05-20,0.0282109
2008-05-21,-0.03646320000000001
2008-05-22,0.005536200000000003
2008-05-23,0.0294062
2008-05-27,0.03413510000000001
2008-05-28,0.005354800000000001
2008-05-29,-0.019777700000000002
2008-05-30,0.0325058
2008-06-02,0.017108200000000004
2008-06-03,0.0186128
2008-06-04,-0.013573400000000001
2008-06-05,0.00011590000000000038
2008-06-06,0.027980900000000003
2008-06-09,0.015067100000000003
2008-06-10,0.0132542
2008-06-11,0.014898600000000001
2008-06-12,0.0187289
2008-06-13,0.022914800000000003
2008-06-16,0.0250674
2008-06-17,0.047317200000000004
2008-06-18,0.0031499999999999987
2008-06-19,0.017584800000000005
2008-06-20,0.020846200000000002
2008-06-23,0.0039657000000000026
2008-06-24,0.012481100000000004
2008-06-25,0.0016833999999999972
2008-06-26,0.031810500000000005
2008-06-27,0.008173700000000002
2008-06-30,0.005406699999999997
2008-07-01,-0.007063900000000001
2008-07-02,0.0635496
2008-07-03,-0.006436600000000001
2008-07-07,0.02606
2008-07-08,0.014649200000000001
2008-07-09,0.04356130000000001
2008-07-10,0.016678000000000002
2008-07-11,-0.017352600000000003
2008-07-14,0.035957699999999995
2008-07-15,0.0271039
2008-07-16,-0.0212736
2008-07-17,0.0065348
2008-07-18,0.013366300000000001
2008-07-21,0.0414544
2008-07-22,0.0370446
2008-07-23,0.020596499999999997
2008-07-24,0.022943400000000003
2008-07-25,0.0108223
2008-07-28,0.0237733
2008-07-29,0.04936800000000001
2008-07-30,0.025753500000000006
2008-07-31,0.008203400000000003
2008-08-01,0.022142500000000002
2008-08-04,0.0201543
2008-08-05,0.0135445
2008-08-06,0.0090112
2008-09-19,0.043680000000000004
2008-09-22,0.040120300000000005
2008-09-23,0.0162411
2008-09-24,0.0216793
2008-09-25,0.031049800000000002
2008-09-26,-0.002091200000000001
2008-09-29,-0.006429899999999995
2008-09-30,0.1078178
2008-10-01,0.0690386
2008-10-02,0.021549
2008-10-03,-0.0054664000000000015
2008-10-06,0.0534464
2008-10-07,0.07399230000000001
2008-10-08,0.026458199999999994
2008-10-09,0.0659237
2008-10-10,0.0749697
2008-10-13,0.0475913
2008-10-14,0.08619010000000002
2008-10-15,0.004379299999999999
2008-10-16,0.0816027
2008-10-17,0.0540046
2008-10-20,0.05578350000000001
2008-10-21,-0.0015067000000000014
2008-10-22,-0.0033767999999999992
2008-10-23,0.04622690000000001
2008-10-24,0.0500084
2008-10-27,0.005495099999999999
2008-10-28,0.07100870000000001
2008-10-29,0.04172900000000001
2008-10-30,0.0672338
2008-10-31,0.013157500000000016
2008-11-03,0.0106656
2008-11-04,-0.0110589
2008-11-05,0.033260500000000005
2008-11-06,0.021989500000000002
2008-11-07,0.035384
2008-11-10,0.028023900000000004
2008-11-11,0.046993099999999996
2008-11-12,-0.01583379999999999
2008-11-13,0.05382020000000001
2008-11-14,0.027208100000000006
2008-11-17,0.022675600000000004
2008-11-18,0.06484000000000001
2008-11-19,0.06412609999999999
2008-11-20,0.027456499999999995
2008-11-21,-0.039000900000000005
2008-11-24,0.006504500000000003
2008-11-25,0.051477800000000004
2008-11-26,0.05579560000000001
2008-11-28,0.0249273
2008-12-01,0.0290088
2008-12-02,0.08571670000000002
2008-12-03,0.034401799999999996
2008-12-04,0.0109046
2008-12-05,0.009921700000000006
2008-12-08,0.022864300000000004
2008-12-09,0.0538522
2008-12-10,0.05017510000000001
2008-12-11,-0.0014164999999999942
2008-12-12,0.047317000000000005
2008-12-15,0.0495391
2008-12-16,0.04556150000000001
2008-12-17,-0.0010285000000000025
2008-12-18,0.022978600000000005
2008-12-19,0.057377
2008-12-22,0.07928879999999999
2008-12-23,-0.0029737999999999974
2008-12-24,0.009674500000000003
2008-12-26,-0.0056180000000000015
2008-12-29,0.040774200000000003
2008-12-30,0.06467690000000001
2008-12-31,0.014831100000000007
2009-01-02,0.04988190000000001
2009-01-05,0.012664499999999995
2009-01-06,0.0152721
2009-01-07,0.0368164
2009-01-08,0.0313511
2009-01-09,0.0359004
2009-01-12,-0.0077186000000000025
2009-01-13,0.0298951
2009-01-14,0.0442079
2009-01-15,0.0206741
2009-01-16,0.0469219
2009-01-20,-0.0005444999999999964
2009-01-21,0.04816670000000001
2009-01-22,0.026048600000000005
2009-01-23,0.045015700000000006
2009-01-26,0.0566043
2009-01-27,0.021320099999999998
2009-01-28,0.06486120000000001
2009-01-29,0.041617400000000006
2009-01-30,0.043177900000000005
2009-02-02,0.034246900000000004
2009-02-03,-0.0120964
2009-02-04,0.0019570000000000004
2009-02-05,-0.00019040000000000138
2009-02-06,0.018385300000000004
2009-02-09,0.009804300000000002
2009-02-10,0.026100500000000002
2009-02-11,0.055613800000000005
2009-02-12,0.027926199999999998
2009-02-13,0.0326796
2009-02-17,0.007991899999999996
2009-02-18,0.06587459999999999
2009-02-19,0.034048100000000005
2009-02-20,0.0384396
2009-02-23,0.0016780999999999949
2009-02-24,0.056572300000000006
2009-02-25,0.024808000000000007
2009-02-26,0.0575173
2009-02-27,0.028718100000000003
2009-03-02,0.03630979999999999
2009-03-03,0.010272999999999997
2009-03-04,0.055535100000000004
2009-03-05,0.044871900000000006
2009-03-06,0.0287588
2009-03-09,0.0279121
2009-03-10,0.040925800000000005
2009-03-11,0.039192300000000006
2009-03-12,0.0172774
2009-03-13,0.0335847
2009-03-16,-0.0240354
2009-03-17,0.0570175
2009-03-18,0.0370186
2009-03-19,0.018388099999999998
2009-03-20,0.0899132
2009-03-23,0.050006
2009-03-24,0.038185800000000006
2009-03-25,0.012448699999999997
2009-03-26,-0.022136300000000005
2009-05-11,0.0429682
2009-05-12,0.0240816
2009-05-13,0.039646100000000004
2009-05-14,0.0446478
2009-05-15,0.025650400000000004
2009-05-18,0.036249300000000005
2009-05-19,0.0363968
2009-05-20,-0.0112215
2009-05-21,0.011507999999999992
2009-05-22,0.012823700000000004
2009-05-26,0.0371641
2009-05-27,0.0583966
2009-05-28,0.0007269000000000017
2009-05-29,0.028919900000000002
2009-06-01,0.05954879999999999
2009-06-02,0.0026292999999999993
2009-06-03,0.0238011
2009-06-04,0.0324675
2009-06-05,0.0034395999999999993
2009-06-08,0.016662400000000008
2009-06-09,-0.007799599999999999
2009-06-10,-0.009091
2009-06-11,0.003689700000000004
2009-06-12,0.011767300000000001
2009-06-15,0.0293806
2009-06-16,0.027704400000000004
2009-06-17,0.035667199999999996
2009-06-18,0.041684200000000005
2009-06-19,0.0443901
2009-06-22,0.033171200000000005
2009-06-23,0.0483962
2009-06-24,0.038042400000000004
2009-06-25,0.0228477
2009-06-26,0.06952620000000001
2009-06-29,0.0144626
2009-06-30,0.027359500000000002
2009-07-01,0.0060601
2009-07-02,0.0357159
2009-07-06,0.0262147
2009-07-07,0.0039147
2009-07-08,0.043550000000000005
2009-07-09,0.03910810000000001
2009-07-10,0.007902099999999997
2009-07-13,0.025275500000000003
2009-07-14,0.016822800000000002
2009-07-15,0.023790000000000006
2009-07-16,-0.015622100000000003
2009-07-17,0.0114611
2009-07-20,0.0058950999999999995
2009-07-21,0.0152675
2009-07-22,-0.030352900000000002
2009-07-23,0.0121588
2009-07-24,0.050228300000000004
2009-07-27,0.0196649
2009-07-28,0.04041480000000001
2009-07-29,0.029129500000000003
2009-07-30,-0.010565100000000001
2009-07-31,0.005330900000000001
2009-08-03,0.002435599999999996
2009-08-04,0.0225962
2009-08-05,0.010462599999999999
2009-08-06,0.0007511000000000011
2009-08-07,0.015656400000000004
2009-08-10,0.016047
2009-08-11,0.048425600000000006
2009-08-12,0.0358661
2009-08-13,-0.0022549999999999988
2009-08-14,0.010646300000000001
2009-08-17,0.0334516
2009-08-18,0.003162600000000001
2009-08-19,0.0276051
2009-08-20,0.03059
2009-08-21,0.0278288
2009-08-24,0.05088050000000001
2009-08-25,0.0101566
2009-08-26,-0.021874700000000004
2009-08-27,0.022996999999999997
2009-08-28,0.0451347
2009-08-31,-0.008417599999999999
2009-09-01,0.029574700000000002
2009-09-02,0.009885300000000001
2009-09-03,0.016760200000000003
2009-09-04,0.004496999999999999
2009-09-08,0.0139833
2009-09-09,0.026073
2009-09-10,0.017774699999999997
2009-09-11,0.038275300000000005
2009-09-14,0.0174534
2009-09-15,-0.006715199999999998
2009-09-16,-0.0074633
2009-09-17,0.0015589000000000002
2009-09-18,0.0156429
2009-09-21,0.0279352
2009-09-22,0.019033300000000003
2009-09-23,0.0048617999999999995
2009-09-24,0.027811700000000005
2009-09-25,-0.006403800000000001
2009-09-28,0.0120114
2009-09-29,0.0189675
2009-09-30,0.03320340000000001
2009-10-01,0.023826899999999998
2009-10-02,0.0122424
2009-10-05,0.010027900000000001
2009-10-06,0.012416300000000002
2009-10-07,0.0206787
2009-10-08,0.0009431999999999991
2009-10-09,0.012368800000000001
2009-10-12,0.013479600000000001
2009-10-13,0.012470900000000002
2009-10-14,0.004739500000000001
2009-10-15,0.0156501
2009-10-16,0.006088099999999999
2009-10-19,0.007490999999999999
2009-10-20,0.003400000000000001
2009-10-21,0.025760699999999997
2009-10-22,0.0371002
2009-10-23,0.020121400000000005
2009-10-26,0.0009179000000000027
2009-10-27,-0.04303520000000001
2009-10-28,-2.599999999999738e-06
2009-10-29,0.038287400000000006
2009-10-30,0.04967330000000001
2009-11-02,0.020812500000000005
2009-11-03,0.0014974999999999988
2009-11-04,0.0325455
2009-11-05,0.016218100000000003
2009-11-06,0.020075700000000002
2009-11-09,0.026629600000000003
2009-11-10,0.07452040000000001
2009-11-11,-0.0178923
2009-12-28,0.0157094
2009-12-29,0.0034209999999999987
2009-12-30,0.0139817
2009-12-31,0.0380928
2010-01-04,0.0280078
2010-01-05,0.0051158
2010-01-06,-0.0102645
2010-01-07,0.0066378999999999995
2010-01-08,0.026002300000000002
2010-01-11,0.012396599999999997
2010-01-12,0.0007529999999999993
2010-01-13,-0.0003333999999999941
2010-01-14,0.002781200000000002
2010-01-15,0.021551100000000004
2010-01-19,-0.0053916
2010-01-20,0.0271092
2010-01-21,0.010697399999999998
2010-01-22,-0.0021996999999999984
2010-01-25,-0.013155400000000001
2010-01-26,0.015706
2010-01-27,0.019656200000000006
2010-01-28,0.010845200000000001
2010-01-29,0.003160299999999998
2010-02-01,0.014043
2010-02-02,-0.019345900000000006
2010-02-03,-0.015455000000000002
2010-02-04,0.010481599999999997
2010-02-05,0.006026100000000002
2010-02-08,0.0189991
2010-02-09,0.030067199999999995
2010-02-10,0.0078559
2010-02-11,0.0185583
2010-02-12,0.010763100000000003
2010-02-16,0.0353091
2010-02-17,0.038082500000000005
2010-02-18,0.0256634
2010-02-19,0.0088151
2010-02-22,0.008005
2010-02-23,0.029268400000000003
2010-02-24,0.0102958
2010-02-25,0.014714699999999997
2010-02-26,0.00557
2010-03-01,0.0248949
2010-03-02,-0.016045700000000003
2010-03-03,-0.0035528999999999995
2010-03-04,0.004372899999999998
2010-03-05,0.011978200000000001
2010-03-08,0.007127200000000001
2010-03-09,0.012817900000000002
2010-03-10,0.0220253
2010-03-11,0.0070209
2010-03-12,0.0015540000000000011
2010-03-15,0.003935599999999999
2010-03-16,0.022712
2010-03-17,0.0087869
2010-03-18,0.013160999999999999
2010-03-19,-0.0030155999999999994
2010-03-22,0.039214
2010-03-23,-0.002059299999999999
2010-03-24,0.0090968
2010-03-25,-0.0020696999999999972
2010-03-26,0.005279800000000001
2010-03-29,0.0113932
2010-03-30,0.0399123
2010-03-31,0.0219844
2010-04-01,0.028769500000000003
2010-04-05,0.0072651
2010-04-06,0.0112
2010-04-07,0.0010451999999999996
2010-04-08,-0.007606599999999999
2010-04-09,-0.0034655
2010-04-12,0.0009412000000000001
2010-04-13,0.004232700000000001
2010-04-14,0.015051700000000003
2010-04-15,0.003996
2010-04-16,0.0143574
2010-04-19,0.005065499999999998
2010-04-20,-0.0058210000000000015
2010-04-21,0.0348904
2010-04-22,0.010700399999999999
2010-04-23,-0.005590400000000001
2010-04-26,0.004435999999999999
2010-04-27,0.009328200000000002
2010-04-28,-0.0015279999999999996
2010-04-29,-0.013367
2010-04-30,0.0186733
2010-05-03,0.0276896
2010-05-04,-0.007568400000000003
2010-05-05,0.06983490000000002
2010-05-06,0.0279497
2010-05-07,0.011125100000000002
2010-05-10,-0.0028224999999999986
2010-05-11,0.006804600000000001
2010-05-12,0.017022900000000004
2010-05-13,0.0012368000000000004
2010-05-14,0.00028129999999999995
2010-05-17,0.008128100000000001
2010-05-18,0.032377300000000005
2010-05-19,0.009170800000000002
2010-05-20,0.001793599999999989
2010-05-21,0.026485700000000004
2010-05-24,0.05576130000000001
2010-05-25,0.004919700000000006
2010-05-26,0.0054716999999999995
2010-05-27,0.008163399999999998
2010-05-28,0.022128100000000005
2010-06-01,0.0339593
2010-06-02,0.0488296
2010-06-03,0.0023319
2010-06-04,0.019430599999999996
2010-06-07,0.012070799999999998
2010-06-08,0.011866499999999999
2010-06-09,0.015900800000000003
2010-06-10,0.007610500000000001
2010-06-11,0.0027451999999999997
2010-06-14,0.034170000000000006
2010-06-15,0.0052068999999999935
2010-06-16,0.007184600000000003
2010-06-17,0.009359100000000002
2010-06-18,0.004453200000000003
2010-06-21,0.009483400000000001
2010-06-22,0.023046699999999996
2010-06-23,0.0057404
2010-06-24,0.0428795
2010-06-25,0.0367478
2010-06-28,0.0523455
2010-06-29,0.013650100000000004
2010-06-30,0.0080442
2010-07-01,0.030916100000000002
2010-07-02,0.0157648
2010-08-17,0.014045800000000002
2010-08-18,0.013196400000000002
2010-08-19,-0.003376200000000003
2010-08-20,0.0110007
2010-08-23,0.0014097999999999992
2010-08-24,-0.011167199999999999
2010-08-25,0.017209
2010-08-26,0.013907999999999997
2010-08-27,0.006069600000000001
2010-08-30,0.0191588
2010-08-31,0.007838599999999998
2010-09-01,0.0334946
2010-09-02,0.0057041999999999995
2010-09-03,0.010968400000000001
2010-09-07,0.015320900000000002
2010-09-08,0.010939099999999998
2010-09-09,0.020875900000000003
2010-09-10,0.013578100000000003
2010-09-13,0.022079500000000002
2010-09-14,0.0023927
2010-09-15,0.021433400000000002
2010-09-16,0.030425000000000008
2010-09-17,-0.0141014
2010-09-20,0.02645
2010-09-21,0.0132335
2010-09-22,0.024467000000000003
2010-09-23,0.002297600000000001
2010-09-24,-0.0011823000000000007
2010-09-27,0.004192100000000001
2010-09-28,0.0195904
2010-09-29,-0.0051825
2010-09-30,0.03885860000000001
2010-10-01,0.002830600000000001
2010-10-04,0.0015256999999999996
2010-10-05,0.02543339999999999
2010-10-06,0.018041599999999998
2010-10-07,-0.006112300000000001
2010-10-08,0.0102885
2010-10-11,0.0013005999999999996
2010-10-12,0.0010155000000000003
2010-10-13,0.011747200000000001
2010-10-14,-0.010835899999999997
2010-10-15,0.0029419000000000008
2010-10-18,0.0084171
2010-10-19,0.023839
2010-10-20,0.021918100000000003
2010-10-21,0.006561
2010-10-22,0.011714000000000002
2010-10-25,0.0045649
2010-10-26,-0.013694600000000003
2010-10-27,-0.0025930999999999997
2010-10-28,-0.019387800000000004
2010-10-29,-0.008949499999999999
2010-11-01,0.0192725
2010-11-02,0.0524582
2010-11-03,-0.008585000000000002
2010-11-04,-0.012850800000000002
2010-11-05,0.0082654
2010-11-08,0.012071500000000002
2010-11-09,0.0047402
2010-11-10,0.0208659
2010-11-11,0.013399399999999999
2010-11-12,-0.0020196999999999993
2010-11-15,-0.015371900000000003
2010-11-16,0.0036592999999999973
2010-11-17,0.008676499999999998
2010-11-18,-0.0009548999999999981
2010-11-19,-0.0042261
2010-11-22,0.0026923000000000016
2010-11-23,0.019619900000000003
2010-11-24,0.0159371
2010-11-26,0.0021351
2010-11-29,0.0123933
2010-11-30,0.029519100000000003
2010-12-01,0.010046800000000002
2010-12-02,0.0034918000000000006
2010-12-03,0.009333000000000001
2010-12-06,0.009311300000000002
2010-12-07,-0.005346700000000003
2010-12-08,0.0022107000000000003
2010-12-09,0.00018379999999999785
2010-12-10,-0.0025481
2010-12-13,0.0028316999999999995
2010-12-14,-0.005285500000000002
2010-12-15,0.0022704000000000014
2010-12-16,0.0141458
2010-12-17,0.0230203
2010-12-20,-0.0281898
2010-12-21,0.0148903
2010-12-22,-0.0030681000000000007
2010-12-23,0.009497300000000004
2010-12-27,0.0020630000000000023
2010-12-28,0.0073147
2010-12-29,-0.0059558
2010-12-30,0.016774200000000003
2010-12-31,-0.014863400000000002
2011-01-03,0.008436500000000003
2011-01-04,0.028756700000000007
2011-01-05,0.002467399999999999
2011-01-06,-0.0030656
2011-01-07,-0.0005404999999999993
2011-01-10,0.0079711
2011-01-11,0.010281
2011-01-12,-0.003905000000000001
2011-01-13,-0.004961200000000001
2011-01-14,-0.005947599999999999
2011-01-18,0.006437099999999999
2011-01-19,-0.0323207
2011-01-20,-0.010560900000000002
2011-01-21,-0.002007300000000001
2011-01-24,0.013301100000000003
2011-01-25,0.009263799999999999
2011-01-26,0.002267400000000001
2011-01-27,0.011816900000000002
2011-01-28,0.0033177999999999992
2011-01-31,0.0173321
2011-02-01,0.0012982000000000028
2011-02-02,0.0086227
2011-02-03,-0.0323937
2011-02-04,0.0025935000000000003
2011-02-07,-0.005321999999999999
2011-02-08,-0.012798799999999999
2011-02-09,0.023334300000000002
2011-02-10,-0.0063869
2011-02-11,0.003082099999999999
2011-02-14,-0.003565800000000001
2011-02-15,0.0008866999999999998
2011-02-16,0.0048664
2011-02-17,-0.007910499999999999
2011-02-18,-0.0061814999999999995
2011-04-05,-0.0038861000000000004
2011-04-06,0.0013837000000000016
2011-04-07,-0.0040205000000000015
2011-04-08,-0.003006
2011-04-11,0.0016055000000000006
2011-04-12,-0.004255599999999998
2011-04-13,0.012959100000000001
2011-04-14,0.0211829
2011-04-15,0.010637099999999998
2011-04-18,0.006358299999999998
2011-04-19,0.006775200000000001
2011-04-20,0.0163107
2011-04-21,0.013553100000000002
2011-04-25,0.011768300000000004
2011-04-26,-0.0097088
2011-04-27,0.0003519000000000005
2011-04-28,-0.0034431999999999996
2011-04-29,-0.027835
2011-05-02,0.0014626999999999982
2011-05-03,-0.0101082
2011-05-04,0.0184809
2011-05-05,-0.022880300000000003
2011-05-06,0.0105956
2011-05-09,0.0075590000000000015
2011-05-10,0.007016400000000002
2011-05-11,0.0169431
2011-05-12,-0.0004896999999999957
2011-05-13,0.0140484
2011-05-16,0.004284400000000001
2011-05-17,0.010063800000000001
2011-05-18,0.0007875999999999994
2011-05-19,0.004159400000000001
2011-05-20,0.0022603
2011-05-23,0.010719100000000002
2011-05-24,-0.0116526
2011-05-25,0.012331599999999998
2011-05-26,0.0009306000000000002
2011-05-27,0.004861100000000001
2011-05-31,-0.015070499999999995
2011-06-01,0.0209348
2011-06-02,0.0138649
2011-06-03,0.0009054000000000006
2011-06-06,-0.014318300000000003
2011-06-07,0.0020108999999999986
2011-06-08,-5.2099999999997634e-05
2011-06-09,0.013477800000000002
2011-06-10,-0.0032080000000000008
2011-06-13,0.0022377
2011-06-14,-0.024955399999999996
2011-06-15,0.004697000000000003
2011-06-16,0.016343600000000003
2011-06-17,-0.0003508999999999986
2011-06-20,0.0050641
2011-06-21,-0.004644199999999998
2011-06-22,0.021595100000000002
2011-06-23,0.0030959000000000013
2011-06-24,0.0086444
2011-06-27,0.019041100000000002
2011-06-28,0.006822199999999999
2011-06-29,0.008112900000000001
2011-06-30,0.0079626
2011-07-01,0.005438299999999998
2011-07-05,0.0071102000000000005
2011-07-06,-0.013803300000000003
2011-07-07,0.0198909
2011-07-08,-0.0059511999999999985
2011-07-11,-0.0288193
2011-07-12,0.0126644
2011-07-13,-0.0094308
2011-07-14,0.0018558000000000012
2011-07-15,-0.0035772
2011-07-18,0.016938400000000003
2011-07-19,0.006137500000000002
2011-07-20,0.0062609
2011-07-21,0.0132385
2011-07-22,0.001332700000000001
2011-07-25,0.011363600000000003
2011-07-26,-0.021956100000000003
2011-07-27,-0.008603799999999995
2011-07-28,0.013224900000000003
2011-07-29,0.0109013
2011-08-01,0.0038104999999999997
2011-08-02,-0.013602200000000002
2011-08-03,0.0328157
2011-08-04,0.032429700000000006
2011-08-05,-0.026118299999999997
2011-08-08,0.021038399999999985
2011-08-09,0.0348102
2011-08-10,0.037334700000000005
2011-08-11,0.032682300000000004
2011-08-12,-0.0006913999999999996
2011-08-15,0.0091692
2011-08-16,0.0351167
2011-08-17,0.020617000000000003
2011-08-18,-0.0054301
2011-08-19,0.0113359
2011-08-22,0.0010585000000000013
2011-08-23,-0.03443620000000001
2011-08-24,-0.0035595
2011-08-25,0.035966599999999994
2011-08-26,0.020831099999999998
2011-08-29,0.005918099999999999
2011-08-30,0.015391700000000001
2011-08-31,0.0057678
2011-09-01,0.0119709
2011-09-02,-0.006502599999999997
2011-09-06,0.0395666
2011-09-07,-0.006557699999999999
2011-09-08,0.020975399999999998
2011-09-09,0.014971700000000001
2011-09-12,0.0052778999999999986
2011-09-13,0.0005007999999999992
2011-09-14,0.0004933999999999945
2011-09-15,0.016577500000000002
2011-09-16,0.008480600000000001
2011-09-19,0.0380698
2011-09-20,-0.005332399999999999
2011-09-21,-0.0197562
2011-09-22,0.012767399999999998
2011-09-23,0.014158600000000002
2011-09-26,-0.0229843
2011-09-27,0.012437700000000005
2011-09-28,0.0426116
2011-09-29,0.03881389999999999
2011-09-30,-0.017198000000000005
2011-10-03,-0.006833900000000011
2011-10-04,0.06072860000000001
2011-10-05,0.014710900000000002
2011-10-06,0.014797900000000001
2011-10-07,-0.0020237000000000033
2011-11-21,-0.0029200000000000025
2011-11-22,-0.0294167
2011-11-23,-0.0091197
2011-11-25,-0.0126293
2011-11-28,0.022800400000000005
2011-11-29,0.024445699999999997
2011-11-30,0.0126822
2011-12-01,0.0345405
2011-12-02,0.014775800000000002
2011-12-05,0.0290153
2011-12-06,0.0006222000000000006
2011-12-07,0.025792000000000002
2011-12-08,-0.0086931
2011-12-09,0.03629040000000001
2011-12-12,-0.006632800000000001
2011-12-13,0.003709200000000001
2011-12-14,0.048365000000000005
2011-12-15,0.0179946
2011-12-16,0.019044900000000003
2011-12-19,0.0010167000000000023
2011-12-20,0.0408941
2011-12-21,-0.008914499999999995
2011-12-22,0.010783000000000001
2011-12-23,0.015264400000000001
2011-12-27,0.011069
2011-12-28,0.006984000000000001
2011-12-29,0.0328992
2011-12-30,0.0498416
2012-01-03,0.03192830000000001
2012-01-04,0.0046914999999999995
2012-01-05,-0.0166387
2012-01-06,0.0157099
2012-01-09,0.0061210000000000014
2012-01-10,-0.007013300000000002
2012-01-11,-0.0034341
2012-01-12,0.002366700000000001
2012-01-13,0.0047112000000000005
2012-01-17,0.0052005
2012-01-18,0.0064680000000000015
2012-01-19,0.0089998
2012-01-20,0.0330391
2012-01-23,0.0076218
2012-01-24,0.0114251
2012-01-25,0.0015643999999999999
2012-01-26,0.0038654999999999996
2012-01-27,0.0119072
2012-01-30,0.0105795
2012-01-31,0.004976600000000001
2012-02-01,0.006273400000000002
2012-02-02,0.003837
2012-02-03,-0.008310199999999993
2012-02-06,0.013716500000000005
2012-02-07,0.003687899999999999
2012-02-08,-0.016163700000000003
2012-02-09,0.014506500000000002
2012-02-10,0.0012288000000000004
2012-02-13,0.017003200000000003
2012-02-14,0.017415500000000004
2012-02-15,-0.0022462000000000003
2012-02-16,0.005806
2012-02-17,0.0168482
2012-02-21,-0.0049212
2012-02-22,0.0103777
2012-02-23,0.007409700000000002
2012-02-24,-0.000986899999999999
2012-02-27,0.0038636000000000044
2012-02-28,0.010442000000000002
2012-02-29,0.016849500000000003
2012-03-01,0.004149699999999999
2012-03-02,0.022654599999999997
2012-03-05,-0.0062586000000000004
2012-03-06,0.016077
2012-03-07,0.005820799999999998
2012-03-08,0.003876000000000001
2012-03-09,-0.0076286
2012-03-12,-0.0063837999999999985
2012-03-13,0.0120822
2012-03-14,0.010849200000000002
2012-03-15,0.0089266
2012-03-16,0.0057257
2012-03-19,0.0111708
2012-03-20,0.0173542
2012-03-21,-0.005040300000000001
2012-03-22,0.0028065000000000017
2012-03-23,0.009052500000000002
2012-03-26,-0.0072675
2012-03-27,0.008869100000000001
2012-03-28,0.004090600000000001
2012-03-29,0.0144982
2012-03-30,0.023968000000000003
2012-04-02,0.0157417
2012-04-03,0.027514200000000003
2012-04-04,0.0016123000000000008
2012-04-05,0.0365438
2012-04-09,0.029763300000000006
2012-04-10,0.024063400000000006
2012-04-11,0.005429399999999999
2012-04-12,0.018931299999999998
2012-04-13,0.0199888
2012-04-16,0.018870200000000004
2012-04-17,-0.006761700000000002
2012-04-18,0.0169994
2012-04-19,-0.0182362
2012-04-20,-0.007231999999999997
2012-04-23,0.013492400000000002
2012-04-24,0.0098863
2012-04-25,0.00012670000000000086
2012-04-26,-0.005108600000000001
2012-04-27,0.003149699999999999
2012-04-30,0.0386417
2012-05-01,-0.0039185999999999995
2012-05-02,0.020192
2012-05-03,0.0009836000000000011
2012-05-04,0.011489500000000003
2012-05-07,-0.0027356000000000004
2012-05-08,0.0144407
2012-05-09,0.0070118
2012-05-10,0.0164999
2012-05-11,-0.012199100000000003
2012-05-14,0.0028094999999999995
2012-05-15,-0.010119999999999997
2012-05-16,-0.018302600000000002
2012-05-17,-0.004558900000000001
2012-05-18,0.0180052
2012-05-21,-0.00046210000000000175
2012-05-22,0.026847000000000003
2012-05-23,0.026188800000000005
2012-05-24,0.0204067
2012-05-25,0.013110800000000002
2012-05-29,0.0094127
2012-07-12,0.00044309999999999966
2012-07-13,0.0054784
2012-07-16,0.007649700000000001
2012-07-17,0.0208104
2012-07-18,0.021486500000000006
2012-07-19,0.0023469000000000003
2012-07-20,-0.00046900000000000067
2012-07-23,-0.017253100000000004
2012-07-24,-0.0118256
2012-07-25,0.013645000000000001
2012-07-26,0.008875500000000001
2012-07-27,0.0020078000000000023
2012-07-30,0.025773
2012-07-31,0.009137300000000004
2012-08-01,0.012497200000000002
2012-08-02,0.021684099999999998
2012-08-03,-0.029150000000000006
2012-08-06,0.009549300000000002
2012-08-07,-0.001729800000000001
2012-08-08,-0.0111449
2012-08-09,0.00013170000000000065
2012-08-10,-0.0082705
2012-08-13,-0.0017194999999999997
2012-08-14,0.0150232
2012-08-15,-0.009646600000000002
2012-08-16,-0.0049889
2012-08-17,-0.0004220000000000005
2012-08-20,0.005741000000000003
2012-08-21,0.0011279000000000007
2012-08-22,0.0022604999999999995
2012-08-23,0.013689400000000001
2012-08-24,0.0035286
2012-08-27,-0.0022730000000000007
2012-08-28,0.022811800000000004
2012-08-29,0.0074338999999999985
2012-08-30,-0.001354000000000001
2012-08-31,0.004557500000000002
2012-09-04,0.0093044
2012-09-05,0.009118500000000002
2012-09-06,-0.0073988000000000005
2012-09-07,0.008111499999999999
2012-09-10,0.0041236
2012-09-11,0.0007868000000000002
2012-09-12,0.020469200000000003
2012-09-13,-0.007976400000000002
2012-09-14,0.006418400000000004
2012-09-17,0.0044029
2012-09-18,0.006754100000000001
2012-09-19,0.0058151
2012-09-20,0.007498700000000001
2012-09-21,0.025522200000000002
2012-09-24,0.0393281
2012-09-25,0.012821299999999999
2012-09-26,0.005331799999999999
2012-09-27,0.0170284
2012-09-28,0.0032868999999999997
2012-10-01,-0.00021040000000000295
2012-10-02,0.010690400000000001
2012-10-03,0.0192266
2012-10-04,0.004920400000000001
2012-10-05,0.004142799999999999
2012-10-08,0.0169055
2012-10-09,-0.0054421
2012-10-10,0.0228745
2012-10-11,0.009801899999999999
2012-10-12,0.0005637000000000007
2012-10-15,0.006743199999999997
2012-10-16,0.004714200000000001
2012-10-17,-0.0043127
2012-10-18,0.0052016
2012-10-19,0.005845400000000001
2012-10-22,0.002750400000000001
2012-10-23,0.0207683
2012-10-24,0.0002235000000000006
2012-10-25,0.008091400000000002
2012-10-26,0.011948
2012-10-31,0.0129084
2012-11-01,0.013939899999999998
2012-11-02,0.0234221
2012-11-05,-0.013217200000000002
2012-11-06,0.0248846
2012-11-07,-0.005280599999999993
2012-11-08,-0.0067480000000000005
2012-11-09,0.0006102
2012-11-12,0.0013854
2012-11-13,0.012735300000000001
2012-11-14,-0.009156300000000003
2012-11-15,0.0230111
2012-11-16,0.014516400000000002
2012-11-19,0.005349499999999998
2012-11-20,0.004113300000000001
2012-11-21,-0.0064461
2012-11-23,0.006359300000000002
2012-11-26,0.0084407
2012-11-27,-0.0082512
2012-11-28,0.0253782
2012-11-29,0.0023901999999999994
2012-11-30,0.012611700000000002
2012-12-03,0.0068468999999999995
2012-12-04,0.010032499999999998
2012-12-05,0.0160794
2012-12-06,0.0133706
2012-12-07,-0.0006810999999999996
2012-12-10,0.00013720000000000008
2012-12-11,0.013524999999999997
2012-12-12,0.012556999999999999
2012-12-13,0.0163558
2012-12-14,-0.006960799999999998
2012-12-17,0.028370100000000002
2012-12-18,0.0072432
2012-12-19,0.003574300000000001
2012-12-20,0.0035861
2012-12-21,0.006396899999999999
2012-12-24,0.0159254
2012-12-26,8.19999999999814e-06
2012-12-27,0.0012095999999999995
2012-12-28,0.0158542
2012-12-31,0.018686400000000002
2013-01-02,0.0015951000000000055
2013-01-03,0.0267463
2013-01-04,0.010053200000000002
2013-01-07,0.0038179
2013-01-08,-0.0015297000000000002
2013-01-09,0.029215099999999997
2013-01-10,-0.0042569
2013-01-11,-0.0176419
2013-01-14,-0.0053263999999999985
2013-01-15,0.004499400000000001
2013-01-16,0.006638500000000001
2013-01-17,0.011014199999999998
2013-03-05,0.010669199999999998
2013-03-06,0.007850700000000002
2013-03-07,-0.020274900000000002
2013-03-08,0.0241054
2013-03-11,0.002772799999999999
2013-03-12,0.0165203
2013-03-13,-0.0020041000000000013
2013-03-14,0.0103782
2013-03-15,-0.018996100000000002
2013-03-18,-0.016112800000000004
2013-03-19,0.0033569999999999997
2013-03-20,0.012447100000000001
2013-03-21,0.0116246
2013-03-22,0.016457100000000002
2013-03-25,-0.004614800000000001
2013-03-26,0.00038579999999999864
2013-03-27,0.0116056
2013-03-28,0.0023720999999999994
2013-04-01,0.015345000000000001
2013-04-02,-0.003183200000000001
2013-04-03,-0.002670300000000004
2013-04-04,-0.0079311
2013-04-05,-0.006186400000000002
2013-04-08,-0.0037897999999999994
2013-04-09,0.009916100000000002
2013-04-10,0.002185000000000003
2013-04-11,0.0055493
2013-04-12,0.015677999999999997
2013-04-15,0.0019481999999999972
2013-04-16,0.029382300000000007
2013-04-17,0.0246121
2013-04-18,0.009981400000000001
2013-04-19,0.0093073
2013-04-22,0.0024153999999999994
2013-04-23,0.015952
2013-04-24,-0.007268
2013-04-25,0.010859200000000001
2013-04-26,0.0113209
2013-04-29,-0.001365400000000001
2013-04-30,-0.0039076
2013-05-01,0.006475100000000001
2013-05-02,0.017911899999999998
2013-05-03,-0.018105700000000002
2013-05-06,0.0103158
2013-05-07,0.005321399999999999
2013-05-08,-0.014463299999999998
2013-05-09,0.0245543
2013-05-10,0.0029108000000000007
2013-05-13,-0.003573300000000001
2013-05-14,0.0191438
2013-05-15,-0.0025479000000000014
2013-05-16,0.0102643
2013-05-17,0.0036668000000000004
2013-05-20,0.0019056000000000003
2013-05-21,0.0012812000000000001
2013-05-22,0.0013080000000000001
2013-05-23,0.009025300000000002
2013-05-24,-0.011548700000000002
2013-05-28,0.014650100000000003
2013-05-29,0.009708699999999999
2013-05-30,0.016167
2013-05-31,-0.008414399999999999
2013-06-03,0.027798500000000004
2013-06-04,0.009088899999999999
2013-06-05,0.0027860000000000003
2013-06-06,0.0164644
2013-06-07,0.0005617
2013-06-10,0.0205686
2013-06-11,0.005393900000000001
2013-06-12,-0.0036171
2013-06-13,-0.0029495000000000007
2013-06-14,0.023895900000000005
2013-06-17,0.0110345
2013-06-18,0.007378399999999999
2013-06-19,0.0201616
2013-06-20,-0.0034513000000000026
2013-06-21,0.0092698
2013-06-24,0.0100932
2013-06-25,0.0151827
2013-06-26,0.0149661
2013-06-27,0.008725299999999998
2013-06-28,-0.009746600000000001
2013-07-01,0.0074033
2013-07-02,0.0029619000000000013
2013-07-03,0.0129499
2013-07-05,-0.0019380999999999982
2013-07-08,0.0250838
2013-07-09,-0.0175287
2013-07-10,-0.007215299999999997
2013-07-11,-0.004627099999999999
2013-07-12,-0.009434600000000001
2013-07-15,0.010097600000000002
2013-07-16,0.013395500000000001
2013-07-17,0.0017224000000000007
2013-07-18,0.0004171000000000001
2013-07-19,0.0054914000000000004
2013-07-22,-0.009496500000000001
2013-07-23,0.0128355
2013-07-24,0.005819899999999999
2013-07-25,0.006674200000000002
2013-07-26,0.0077247999999999995
2013-07-29,-0.009843799999999998
2013-07-30,0.0104156
2013-07-31,0.0045133
2013-08-01,-0.0076666999999999985
2013-08-02,-0.017100200000000003
2013-08-05,-0.00012519999999999892
2013-08-06,-0.002111
2013-08-07,-0.0040251
2013-08-08,-0.0167938
2013-08-09,-0.013834199999999998
2013-08-12,0.024271199999999996
2013-08-13,-0.0005647999999999999
2013-08-14,0.014910000000000003
2013-08-15,0.002972599999999999
2013-08-16,0.0007810999999999998
2013-08-19,0.0117789
2013-08-20,0.0032623
2013-08-21,0.0190756
2013-08-22,-0.006919
2013-08-23,-0.0030780999999999985
2013-08-26,-0.0024327000000000007
2013-08-27,0.003824000000000001
2013-08-28,0.005026600000000001
2013-08-29,-0.006300900000000002
2013-08-30,0.001533999999999999
2013-09-03,0.0078981
2013-09-04,-0.0033840000000000007
2013-09-05,0.0051141
2013-09-06,-0.007696400000000001
2013-10-21,0.014065300000000001
2013-10-22,0.013824400000000002
2013-10-23,-0.002749699999999999
2013-10-24,-0.005201300000000001
2013-10-25,0.0090539
2013-10-28,-0.0191103
2013-10-29,-0.0034132999999999993
2013-10-30,-0.008730399999999998
2013-10-31,0.009470099999999999
2013-11-01,-0.012796499999999999
2013-11-04,-0.006060600000000001
2013-11-05,0.0162471
2013-11-06,0.00030620000000000126
2013-11-07,0.0105723
2013-11-08,0.0052226
2013-11-11,0.006862
2013-11-12,0.0039962999999999995
2013-11-13,-0.0161613
2013-11-14,-0.0197967
2013-11-15,-0.009854
2013-11-18,0.007049100000000001
2013-11-19,-0.0118851
2013-11-20,-0.002095500000000001
2013-11-21,0.010946400000000002
2013-11-22,-0.0034854000000000013
2013-11-25,0.007349100000000001
2013-11-26,0.0064529999999999995
2013-11-27,0.010457800000000003
2013-11-29,0.003402099999999998
2013-12-02,0.020124500000000003
2013-12-03,-0.012014799999999999
2013-12-04,-0.0100861
2013-12-05,-0.007036099999999999
2013-12-06,0.0017975000000000005
2013-12-09,0.010953999999999998
2013-12-10,0.017134300000000005
2013-12-11,0.0024183
2013-12-12,-0.0030266
2013-12-13,0.008636300000000001
2013-12-16,0.011223100000000001
2013-12-17,-0.0018937
2013-12-18,-0.0041318
2013-12-19,0.00014020000000000005
2013-12-20,0.0163214
2013-12-23,0.018037700000000004
2013-12-24,-0.0056337
2013-12-26,-0.002689
2013-12-27,-0.005732599999999999
2013-12-30,0.004222400000000003
2013-12-31,0.005200500000000001
2014-01-02,0.007881400000000004
2014-01-03,-0.014844500000000004
2014-01-06,-0.0010550000000000021
2014-01-07,-0.0012902999999999994
2014-01-08,0.010305400000000001
2014-01-09,0.0060576
2014-01-10,-0.0148216
2014-01-13,0.026240799999999998
2014-01-14,0.020714700000000003
2014-01-15,0.010220900000000002
2014-01-16,-0.0162563
2014-01-17,-0.002341299999999999
2014-01-21,0.013218600000000002
2014-01-22,0.0039722
2014-01-23,-0.00017080000000000047
2014-01-24,-0.006301899999999999
2014-01-27,0.043579200000000005
2014-01-28,-0.004794499999999998
2014-01-29,0.004106399999999996
2014-01-30,0.0016521000000000018
2014-01-31,-1.2999999999999123e-05
2014-02-03,-0.005607999999999998
2014-02-04,-0.0004962000000000005
2014-02-05,0.0029935
2014-02-06,0.0224941
2014-02-07,0.0092218
2014-02-10,-0.0016619000000000007
2014-02-11,-0.007526500000000004
2014-02-12,0.0363902
2014-02-13,0.004275299999999999
2014-02-14,0.0179909
2014-02-18,0.0201103
2014-02-19,0.0132877
2014-02-20,-0.009936699999999998
2014-02-21,0.0039769
2014-02-24,0.011843100000000002
2014-02-25,0.015985199999999998
2014-02-26,0.007422400000000001
2014-02-27,0.029341600000000002
2014-02-28,0.027276200000000007
2014-03-03,0.014341600000000001
2014-03-04,0.0306691
2014-03-05,-0.001836099999999999
2014-03-06,0.010067699999999999
2014-03-07,0.006618000000000001
2014-03-10,-0.006521900000000001
2014-03-11,0.011940800000000001
2014-03-12,0.0034297999999999993
2014-03-13,0.022897400000000002
2014-03-14,-0.004952999999999998
2014-03-17,-0.0156523
2014-03-18,0.0162366
2014-03-19,-0.002097400000000001
2014-03-20,0.0115153
2014-03-21,-0.018084700000000002
2014-03-24,0.007415
2014-03-25,-0.0005099999999999998
2014-03-26,0.007599200000000002
2014-03-27,0.006366100000000001
2014-03-28,0.0113789
2014-03-31,-0.0211963
2014-04-01,-0.0044778000000000005
2014-04-02,-0.0090519
2014-04-03,0.0034829000000000014
2014-04-04,0.003947700000000002
2014-04-07,-0.005306999999999999
2014-04-08,-0.014528800000000001
2014-04-09,-0.0017769000000000014
2014-04-10,0.005851700000000001
2014-04-11,-0.009138
2014-04-14,-0.0011626000000000006
2014-04-15,0.012001000000000001
2014-04-16,0.0027555999999999995
2014-04-17,0.0016235
2014-04-21,0.0064531000000000015
2014-04-22,0.003205300000000001
2014-04-23,0.026462200000000005
2014-04-24,0.008203499999999999
2014-04-25,0.011795199999999997
2014-04-28,0.0040272
2014-06-11,0.005704000000000002
2014-06-12,0.003113300000000001
2014-06-13,0.0133716
2014-06-16,0.004486199999999999
2014-06-17,0.0063895
2014-06-18,0.003649
2014-06-19,-0.002310300000000002
2014-06-20,-0.0037350000000000005
2014-06-23,0.0111285
2014-06-24,-0.0009155999999999999
2014-06-25,0.0086143
2014-06-26,0.0098496
2014-06-27,0.006826599999999999
2014-06-30,0.033256900000000006
2014-07-01,0.0004916
2014-07-02,-0.004445199999999997
2014-07-03,0.0009717000000000007
2014-07-07,0.00035529999999999763
2014-07-08,0.008057000000000002
2014-07-09,0.0153497
2014-07-10,0.011007900000000001
2014-07-11,0.0056172999999999996
2014-07-14,-0.009115300000000003
2014-07-15,0.011704500000000003
2014-07-16,-0.0213053
2014-07-17,-0.0042676000000000025
2014-07-18,0.0155612
2014-07-21,0.010231300000000002
2014-07-22,0.005826399999999999
2014-07-23,-0.00048119999999999934
2014-07-24,-0.001965200000000001
2014-07-25,-0.00011349999999999989
2014-07-28,-0.0119644
2014-07-29,-0.008908000000000001
2014-07-30,-0.0049933
2014-07-31,0.011624299999999999
2014-08-01,-0.0048746000000000015
2014-08-04,0.0166639
2014-08-05,-0.0107046
2014-08-06,0.001717800000000002
2014-08-07,-0.006250700000000001
2014-08-08,0.020133
2014-08-11,0.0186007
2014-08-12,0.007541000000000004
2014-08-13,-0.0007122000000000005
2014-08-14,0.006431600000000002
2014-08-15,0.0251093
2014-08-18,-0.00011640000000000261
2014-08-19,-0.010821499999999998
2014-08-20,0.0173424
2014-08-21,-0.0038637000000000003
2014-08-22,0.022551800000000004
2014-08-25,0.013663799999999999
2014-08-26,0.0004852999999999993
2014-08-27,0.0019329999999999985
2014-08-28,0.0087407
2014-08-29,0.023464900000000007
2014-09-02,0.013917500000000003
2014-09-03,-7.910000000000035e-05
2014-09-04,0.003283300000000001
2014-09-05,-0.007423000000000001
2014-09-08,0.0028100999999999985
2014-09-09,0.0027132999999999984
2014-09-10,0.0096068
2014-09-11,0.003917600000000001
2014-09-12,0.0282199
2014-09-15,-0.00031979999999999856
2014-09-16,0.0060394
2014-09-17,-0.0032759999999999994
2014-09-18,0.0074358
2014-09-19,-0.0145055
2014-09-22,0.00045229999999999923
2014-09-23,-0.0011763000000000016
2014-09-24,0.010521600000000002
2014-09-25,0.007314900000000003
2014-09-26,0.0118902
2014-09-29,0.005757100000000001
2014-09-30,0.0072965999999999994
2014-10-01,0.031684300000000006
2014-10-02,0.011459800000000001
2014-10-03,-0.0014310000000000004
2014-10-06,-0.0012729000000000004
2014-10-07,0.0002279000000000005
2014-10-08,-0.0007171000000000005
2014-10-09,0.0350154
2014-10-10,0.020518700000000004
2014-10-13,0.015298800000000001
2014-10-14,-0.010858699999999999
2014-10-15,0.003942300000000002
2014-10-16,-0.010653200000000002
2014-10-17,0.0020078000000000014
2014-10-20,0.019663100000000003
2014-10-21,-0.001965999999999999
2014-10-22,0.013849400000000001
2014-10-23,-0.0027012000000000004
2014-10-24,0.006197300000000001
2014-10-27,0.0241973
2014-10-28,0.009258300000000004
2014-10-29,-0.004745
2014-10-30,0.009866199999999999
2014-10-31,0.016899099999999997
2014-11-03,0.023607200000000002
2014-11-04,0.011796800000000001
2014-11-05,0.0158281
2014-11-06,0.0248376
2014-11-07,-0.0177356
2014-11-10,0.007665100000000003
2014-11-11,0.006139900000000002
2014-11-12,0.0099583
2014-11-13,-0.005514
2014-11-14,-0.0177845
2014-11-17,0.026159
2014-11-18,0.011906700000000003
2014-11-19,0.0115829
2014-11-20,0.0103876
2014-11-21,0.010806800000000002
2014-11-24,0.0012306000000000018
2014-11-25,0.0235824
2014-11-26,0.0144656
2014-11-28,0.0079707
2014-12-01,0.0070970999999999985
2014-12-02,0.015052000000000001
2014-12-03,-0.005658
2014-12-04,-0.0085626
2014-12-05,0.011633900000000003
2014-12-08,0.0077769
2014-12-09,0.012096899999999999
2014-12-10,0.0144571
2014-12-11,0.006043600000000001
2014-12-12,0.0117963
2015-01-29,0.0124296
2015-01-30,0.00036760000000000265
2015-02-02,0.014980100000000003
2015-02-03,-0.004516399999999999
2015-02-04,0.016837700000000004
2015-02-05,0.0162742
2015-02-06,0.011107200000000001
2015-02-09,0.006772900000000002
2015-02-10,0.0055179
2015-02-11,0.0014792999999999994
2015-02-12,0.0021008000000000008
2015-02-13,0.0016586000000000014
2015-02-17,-0.0063203999999999995
2015-02-18,0.009564399999999999
2015-02-19,0.008139900000000002
2015-02-20,-0.006444199999999997
2015-02-23,-0.018552100000000002
2015-02-24,0.003059500000000001
2015-02-25,-0.0433246
2015-02-26,0.028812700000000007
2015-02-27,0.0210841
2015-03-02,0.0149404
2015-03-03,0.010694
2015-03-04,0.0051895
2015-03-05,0.0036478999999999986
2015-03-06,0.008929999999999999
2015-03-09,0.010643600000000001
2015-03-10,0.026869300000000002
2015-03-11,0.004056899999999999
2015-03-12,-0.005143399999999994
2015-03-13,0.014957200000000002
2015-03-16,0.0148357
2015-03-17,0.0066196
2015-03-18,0.015923700000000002
2015-03-19,-0.005962799999999999
2015-03-20,0.006690600000000001
2015-03-23,-0.0021278000000000004
2015-03-24,-0.0006462999999999998
2015-03-25,0.003901500000000002
2015-03-26,0.0041011
2015-03-27,0.003792100000000001
2015-03-30,0.0107587
2015-03-31,0.0207131
2015-04-01,0.005063100000000001
2015-04-02,-0.0028617
2015-04-06,0.0080332
2015-04-07,0.017065300000000002
2015-04-08,0.007123199999999999
2015-04-09,0.007102100000000004
2015-04-10,0.029753800000000007
2015-04-13,-0.0052791999999999995
2015-04-14,0.010774700000000002
2015-04-15,-0.002651800000000001
2015-04-16,0.0053209
2015-04-17,-0.007860200000000001
2015-04-20,0.0048235
2015-04-21,0.00048510000000000046
2015-04-22,0.012417000000000003
2015-04-23,-0.00017710000000000035
2015-04-24,0.0045114
2015-04-27,0.003477100000000002
2015-04-28,0.0012394
2015-04-29,0.0207288
2015-04-30,-0.0099299
2015-05-01,0.0028218000000000006
2015-05-04,0.008308199999999998
2015-05-05,0.0119995
2015-05-06,0.0016996999999999984
2015-05-07,0.0086581
2015-05-08,-0.015819
2015-05-11,-0.009872200000000001
2015-05-12,0.0210449
2015-05-13,0.0077025999999999996
2015-05-14,0.0014224000000000007
2015-05-15,0.012134500000000003
2015-05-18,0.022179900000000002
2015-05-19,0.0099895
2015-05-20,0.015250300000000001
2015-05-21,-0.0019440999999999992
2015-05-22,-0.0044407000000000005
2015-05-26,-0.0021072999999999995
2015-05-27,-0.004923900000000001
2015-05-28,0.005886
2015-05-29,0.009380900000000001
2015-06-01,0.0115069
2015-06-02,0.011203100000000002
2015-06-03,-0.0020505999999999996
2015-06-04,0.0284707
2015-06-05,0.0095312
2015-06-08,0.0093636
2015-06-09,0.006825100000000001
2015-06-10,-0.0018046999999999985
2015-06-11,-0.006476999999999998
2015-06-12,0.0112092
2015-06-15,0.0236855
2015-06-16,-0.016571099999999995
2015-06-17,-0.00010809999999999943
2015-06-18,0.0091225
2015-06-19,7.440000000000137e-05
2015-06-22,0.0621254
2015-06-23,0.018770200000000004
2015-06-24,-0.0016748000000000002
2015-06-25,0.0110684
2015-06-26,-0.0096668
2015-06-29,0.0234537
2015-06-30,0.0011236000000000006
2015-07-01,-0.0061680000000000025
2015-07-02,0.009537400000000001
2015-07-06,-0.0047095
2015-07-07,0.003135699999999999
2015-07-08,0.007498900000000001
2015-07-09,0.016719499999999998
2015-07-10,-0.0051005999999999985
2015-07-13,-0.0066653
2015-07-14,0.0170917
2015-07-15,0.0047650999999999995
2015-07-16,0.0134121
2015-07-17,0.00023580000000000345
2015-07-20,0.018586500000000002
2015-07-21,0.005469100000000002
2015-07-22,0.015000900000000001
2015-07-23,0.0165467
2015-07-24,0.0046356
2015-07-27,-0.0014121999999999989
2015-07-28,0.007410199999999999
2015-07-29,-0.0035454000000000015
2015-07-30,-0.002805199999999998
2015-07-31,-0.004693599999999999
2015-08-03,-0.002511000000000001
2015-08-04,0.0080515
2015-09-17,-3.099999999999978e-05
2015-09-18,-0.006565799999999998
2015-09-21,0.043702500000000005
2015-09-22,0.009752400000000001
2015-09-23,0.007696199999999998
2015-09-24,0.0093351
2015-09-25,0.015219300000000002
2015-09-28,0.0011110999999999994
2015-09-29,0.011732200000000003
2015-09-30,0.015786500000000002
2015-10-01,0.0258222
2015-10-02,-0.001809500000000001
2015-10-05,0.0132292
2015-10-06,0.0200526
2015-10-07,0.026249400000000003
2015-10-08,0.011411600000000001
2015-10-09,0.0118496
2015-10-12,0.0031579999999999993
2015-10-13,0.008351299999999999
2015-10-14,0.007333700000000001
2015-10-15,-0.003708600000000003
2015-10-16,0.0221744
2015-10-19,0.022062
2015-10-20,0.018926000000000005
2015-10-21,0.022877900000000003
2015-10-22,0.0347163
2015-10-23,-0.0138653
2015-10-26,0.007456000000000001
2015-10-27,0.0080198
2015-10-28,0.042125600000000006
2015-10-29,0.031999
2015-10-30,-0.0079088
2015-11-02,0.022723300000000002
2015-11-03,0.004322800000000003
2015-11-04,0.007737299999999999
2015-11-05,0.030608000000000003
2015-11-06,-0.0136443
2015-11-09,0.013027700000000007
2015-11-10,0.0072672
2015-11-11,0.0107645
2015-11-12,0.0241436
2015-11-13,0.007415700000000001
2015-11-16,-0.002904999999999998
2015-11-17,0.006964099999999999
2015-11-18,0.0058715
2015-11-19,0.018351899999999997
2015-11-20,0.015115200000000002
2015-11-23,-0.023854300000000002
2015-11-24,0.029890600000000003
2015-11-25,0.011829799999999998
2015-11-27,0.005867600000000001
2015-11-30,0.028473900000000003
2015-12-01,0.009819000000000001
2015-12-02,0.026802499999999996
2015-12-03,0.0066975
2015-12-04,0.025337900000000003
2015-12-07,-0.008367300000000001
2015-12-08,0.013999000000000001
2015-12-09,0.011482700000000002
2015-12-10,0.0131431
2015-12-11,0.0197125
2015-12-14,-0.007058900000000002
2015-12-15,0.0200559
2015-12-16,0.0008219999999999998
2015-12-17,-0.0028397000000000006
2015-12-18,-0.001447099999999999
2015-12-21,0.029315
2015-12-22,0.0027764000000000018
2015-12-23,-0.005056900000000001
2015-12-24,0.007121800000000001
2015-12-28,0.0256981
2015-12-29,0.0089796
2015-12-30,0.011586599999999999
2015-12-31,0.0029919000000000005
2016-01-04,-0.0181583
2016-01-05,-0.002558300000000001
2016-01-06,-0.0126451
2016-01-07,0.0055483
2016-01-08,0.018903499999999997
2016-01-11,0.0440902
2016-01-12,0.0023984000000000006
2016-01-13,0.009191400000000002
2016-01-14,0.0224768
2016-01-15,-0.0030395000000000005
2016-01-19,0.0310005
2016-01-20,0.0377453
2016-01-21,0.0166129
2016-01-22,0.022882000000000003
2016-01-25,0.018943
2016-01-26,0.010161800000000004
2016-01-27,0.013762100000000001
2016-01-28,-0.0027516000000000003
2016-01-29,0.0116084
2016-02-01,0.020395899999999998
2016-02-02,-0.004421
2016-02-03,-0.0020478
2016-02-04,-0.0010465000000000006
2016-02-05,-0.011105000000000004
2016-02-08,0.008023800000000001
2016-02-09,0.007389400000000001
2016-02-10,0.056558800000000006
2016-02-11,0.0016195999999999988
2016-02-12,0.009508300000000008
2016-02-16,0.024590000000000004
2016-02-17,0.0170958
2016-02-18,0.0023832999999999997
2016-02-19,-0.0038395999999999994
2016-02-22,-0.0128821
2016-02-23,-0.0178926
2016-02-24,-0.0071152
2016-02-25,0.025718400000000002
2016-02-26,0.015175200000000003
2016-02-29,0.012884300000000001
2016-03-01,0.03680850000000001
2016-03-02,-0.0005913999999999989
2016-03-03,0.011403500000000004
2016-03-04,0.0191386
2016-03-07,0.0178881
2016-03-08,0.04271350000000001
2016-03-09,0.019969499999999998
2016-03-10,0.0085429
2016-03-11,0.014724400000000002
2016-03-14,0.022098800000000002
2016-03-15,-0.018666000000000002
2016-03-16,0.0098396
2016-03-17,0.0126705
2016-03-18,0.0165282
2016-03-21,0.005272800000000001
2016-03-22,-0.004328499999999998
2016-03-23,0.018322700000000004
2016-05-06,0.0113725
2016-05-09,0.004364800000000001
2016-05-10,0.005305200000000001
2016-05-11,0.011064599999999999
2016-05-12,-0.0014381000000000005
2016-05-13,0.0008020000000000007
2016-05-16,-0.0059843
2016-05-17,0.011735900000000002
2016-05-18,0.008728300000000001
2016-05-19,0.0031472999999999996
2016-05-20,0.0137175
2016-05-23,0.006177200000000002
2016-05-24,0.036030400000000004
2016-05-25,0.0096226
2016-05-26,0.019480400000000002
2016-05-27,0.025748800000000002
2016-05-31,0.023118000000000003
2016-06-01,0.002535600000000001
2016-06-02,0.0174596
2016-06-03,0.012599900000000002
2016-06-06,0.0355818
2016-06-07,0.0169557
2016-06-08,0.010377000000000003
2016-06-09,0.0167371
2016-06-10,0.011136400000000001
2016-06-13,0.008112499999999998
2016-06-14,-0.0010697000000000003
2016-06-15,0.003986300000000001
2016-06-16,0.007468399999999999
2016-06-17,0.0235864
2016-06-20,0.020753600000000004
2016-06-21,0.013073300000000001
2016-06-22,0.02284029999999999
2016-06-23,0.00039239999999999935
2016-06-24,0.03394280000000001
2016-06-27,-0.0007046999999999991
2016-06-28,-0.004463200000000002
2016-06-29,0.0142064
2016-06-30,-0.0016600999999999986
2016-07-01,0.0146249
2016-07-05,0.019014200000000002
2016-07-06,0.033223100000000005
2016-07-07,0.0042817
2016-07-08,0.013484899999999998
2016-07-11,-0.023250299999999998
2016-07-12,0.020215700000000003
2016-07-13,0.0019902
2016-07-14,0.0062087
2016-07-15,0.0035889000000000008
2016-07-18,-0.0020704999999999994
2016-07-19,-0.004668799999999999
2016-07-20,0.010339400000000004
2016-07-21,-0.004385700000000001
2016-07-22,0.003254899999999999
2016-07-25,0.014190500000000002
2016-07-26,0.0025594000000000016
2016-07-27,-0.0033410999999999996
2016-07-28,0.013439500000000002
2016-07-29,0.018131
2016-08-01,-0.0073534
2016-08-02,1.249999999999949e-05
2016-08-03,0.0191401
2016-08-04,0.016128499999999997
2016-08-05,0.030311800000000003
2016-08-08,-0.0061449
2016-08-09,0.0044301
2016-08-10,0.0138262
2016-08-11,0.0050713
2016-08-12,0.009102599999999999
2016-08-15,-0.004244999999999992
2016-08-16,-0.0037535000000000016
2016-08-17,0.010701800000000001
2016-08-18,-0.0044930000000000005
2016-08-19,0.008695900000000001
2016-08-22,0.0106576
2016-08-23,0.0209305
2016-08-24,0.0204547
2016-08-25,-0.0042612000000000014
2016-08-26,0.0116255
2016-08-29,0.0121881
2016-08-30,0.0116558
2016-08-31,0.0087629
2016-09-01,0.0214118
2016-09-02,0.0175365
2016-09-06,-0.0031986
2016-09-07,0.0009745999999999995
2016-09-08,0.0182588
2016-09-09,-0.012030600000000002
2016-09-12,0.0177591
2016-09-13,0.0038296999999999984
2016-09-14,-0.007872900000000002
2016-09-15,-0.012328799999999996
2016-09-16,-0.0038246
2016-09-19,0.0353141
2016-09-20,-0.005450000000000001
2016-09-21,0.016641700000000002
2016-09-22,0.017836
2016-09-23,0.0138009
2016-09-26,0.0014233000000000006
2016-09-27,0.003982800000000002
2016-09-28,0.0062621000000000005
2016-09-29,0.013729600000000002
2016-09-30,0.006462900000000001
2016-10-03,0.008179699999999998
2016-10-04,-0.005098699999999999
2016-10-05,0.012183300000000001
2016-10-06,-0.0001719999999999994
2016-10-07,-0.0039195
2016-10-10,0.027097499999999997
2016-10-11,0.0324798
2016-10-12,0.0177373
2016-10-13,0.012280300000000001
2016-10-14,0.0209563
2016-10-17,0.008612
2016-10-18,-0.029007300000000007
2016-10-19,0.003134399999999999
2016-10-20,0.024898800000000002
2016-10-21,-0.0008788999999999989
2016-10-24,0.013557700000000002
2016-10-25,-0.0006553999999999996
2016-10-26,0.0052995
2016-10-27,-0.004266099999999998
2016-10-28,0.0056018
2016-10-31,0.00018890000000000053
2016-11-01,0.0468811
2016-11-02,0.0035632999999999984
2016-11-03,-0.0090143
2016-11-04,0.0033904999999999994
2016-11-07,0.005168100000000002
2016-11-08,0.010345700000000001
